product_no,child_part_no
PRODUCT-AC010,AC010-01
PRODUCT-AC010,AC010-02
PRODUCT-AC010,AC010-03
PRODUCT-AC010,AC010-04
PRODUCT-AC010,AC010-05
PRODUCT-AC010,AC010-06
PRODUCT-AC010,AC010-07
PRODUCT-AC010,AC010-08
PRODUCT-AC010,AC010-09
PRODUCT-AC010,AC010-10
PRODUCT-BO010,BO010-01
PRODUCT-BO010,BO010-02
PRODUCT-BO010,BO010-03
PRODUCT-BO010,BO010-04
PRODUCT-BO010,BO010-05
PRODUCT-BO010,BO010-06
PRODUCT-BO010,BO010-07
PRODUCT-BO010,BO010-08
PRODUCT-BO010,BO010-09
PRODUCT-BO010,BO010-10
PRODUCT-WG010,WG010-01
PRODUCT-WG010,WG010-02
PRODUCT-WG010,WG010-03
PRODUCT-WG010,WG010-04
PRODUCT-WG010,WG010-05
PRODUCT-WG010,WG010-06
PRODUCT-WG010,WG010-07
PRODUCT-WG010,WG010-08
PRODUCT-WG010,WG010-09
PRODUCT-WG010,WG010-10
PRODUCT-DH010,DH010-01
PRODUCT-DH010,DH010-02
PRODUCT-DH010,DH010-03
PRODUCT-DH010,DH010-04
PRODUCT-DH010,DH010-05
PRODUCT-DH010,DH010-06
PRODUCT-DH010,DH010-07
PRODUCT-DH010,DH010-08
PRODUCT-DH010,DH010-09
PRODUCT-DH010,DH010-10
PRODUCT-PU010,PU010-01
PRODUCT-PU010,PU010-02
PRODUCT-PU010,PU010-03
PRODUCT-PU010,PU010-04
PRODUCT-PU010,PU010-05
PRODUCT-PU010,PU010-06
PRODUCT-PU010,PU010-07
PRODUCT-PU010,PU010-08
PRODUCT-PU010,PU010-09
PRODUCT-PU010,PU010-10
PRODUCT-AC011,AC011-01
PRODUCT-AC011,AC011-02
PRODUCT-AC011,AC011-03
PRODUCT-AC011,AC011-04
PRODUCT-AC011,AC011-05
PRODUCT-AC011,AC011-06
PRODUCT-AC011,AC011-07
PRODUCT-AC011,AC011-08
PRODUCT-AC011,AC011-09
PRODUCT-AC011,AC011-10
PRODUCT-BO011,BO011-01
PRODUCT-BO011,BO011-02
PRODUCT-BO011,BO011-03
PRODUCT-BO011,BO011-04
PRODUCT-BO011,BO011-05
PRODUCT-BO011,BO011-06
PRODUCT-BO011,BO011-07
PRODUCT-BO011,BO011-08
PRODUCT-BO011,BO011-09
PRODUCT-BO011,BO011-10
PRODUCT-WG011,WG011-01
PRODUCT-WG011,WG011-02
PRODUCT-WG011,WG011-03
PRODUCT-WG011,WG011-04
PRODUCT-WG011,WG011-05
PRODUCT-WG011,WG011-06
PRODUCT-WG011,WG011-07
PRODUCT-WG011,WG011-08
PRODUCT-WG011,WG011-09
PRODUCT-WG011,WG011-10
PRODUCT-DH011,DH011-01
PRODUCT-DH011,DH011-02
PRODUCT-DH011,DH011-03
PRODUCT-DH011,DH011-04
PRODUCT-DH011,DH011-05
PRODUCT-DH011,DH011-06
PRODUCT-DH011,DH011-07
PRODUCT-DH011,DH011-08
PRODUCT-DH011,DH011-09
PRODUCT-DH011,DH011-10
PRODUCT-PU011,PU011-01
PRODUCT-PU011,PU011-02
PRODUCT-PU011,PU011-03
PRODUCT-PU011,PU011-04
PRODUCT-PU011,PU011-05
PRODUCT-PU011,PU011-06
PRODUCT-PU011,PU011-07
PRODUCT-PU011,PU011-08
PRODUCT-PU011,PU011-09
PRODUCT-PU011,PU011-10
PRODUCT-AC012,AC012-01
PRODUCT-AC012,AC012-02
PRODUCT-AC012,AC012-03
PRODUCT-AC012,AC012-04
PRODUCT-AC012,AC012-05
PRODUCT-AC012,AC012-06
PRODUCT-AC012,AC012-07
PRODUCT-AC012,AC012-08
PRODUCT-AC012,AC012-09
PRODUCT-AC012,AC012-10
PRODUCT-BO012,BO012-01
PRODUCT-BO012,BO012-02
PRODUCT-BO012,BO012-03
PRODUCT-BO012,BO012-04
PRODUCT-BO012,BO012-05
PRODUCT-BO012,BO012-06
PRODUCT-BO012,BO012-07
PRODUCT-BO012,BO012-08
PRODUCT-BO012,BO012-09
PRODUCT-BO012,BO012-10
PRODUCT-WG012,WG012-01
PRODUCT-WG012,WG012-02
PRODUCT-WG012,WG012-03
PRODUCT-WG012,WG012-04
PRODUCT-WG012,WG012-05
PRODUCT-WG012,WG012-06
PRODUCT-WG012,WG012-07
PRODUCT-WG012,WG012-08
PRODUCT-WG012,WG012-09
PRODUCT-WG012,WG012-10
PRODUCT-DH012,DH012-01
PRODUCT-DH012,DH012-02
PRODUCT-DH012,DH012-03
PRODUCT-DH012,DH012-04
PRODUCT-DH012,DH012-05
PRODUCT-DH012,DH012-06
PRODUCT-DH012,DH012-07
PRODUCT-DH012,DH012-08
PRODUCT-DH012,DH012-09
PRODUCT-DH012,DH012-10
PRODUCT-PU012,PU012-01
PRODUCT-PU012,PU012-02
PRODUCT-PU012,PU012-03
PRODUCT-PU012,PU012-04
PRODUCT-PU012,PU012-05
PRODUCT-PU012,PU012-06
PRODUCT-PU012,PU012-07
PRODUCT-PU012,PU012-08
PRODUCT-PU012,PU012-09
PRODUCT-PU012,PU012-10
PRODUCT-AC013,AC013-01
PRODUCT-AC013,AC013-02
PRODUCT-AC013,AC013-03
PRODUCT-AC013,AC013-04
PRODUCT-AC013,AC013-05
PRODUCT-AC013,AC013-06
PRODUCT-AC013,AC013-07
PRODUCT-AC013,AC013-08
PRODUCT-AC013,AC013-09
PRODUCT-AC013,AC013-10
PRODUCT-BO013,BO013-01
PRODUCT-BO013,BO013-02
PRODUCT-BO013,BO013-03
PRODUCT-BO013,BO013-04
PRODUCT-BO013,BO013-05
PRODUCT-BO013,BO013-06
PRODUCT-BO013,BO013-07
PRODUCT-BO013,BO013-08
PRODUCT-BO013,BO013-09
PRODUCT-BO013,BO013-10
PRODUCT-WG013,WG013-01
PRODUCT-WG013,WG013-02
PRODUCT-WG013,WG013-03
PRODUCT-WG013,WG013-04
PRODUCT-WG013,WG013-05
PRODUCT-WG013,WG013-06
PRODUCT-WG013,WG013-07
PRODUCT-WG013,WG013-08
PRODUCT-WG013,WG013-09
PRODUCT-WG013,WG013-10
PRODUCT-DH013,DH013-01
PRODUCT-DH013,DH013-02
PRODUCT-DH013,DH013-03
PRODUCT-DH013,DH013-04
PRODUCT-DH013,DH013-05
PRODUCT-DH013,DH013-06
PRODUCT-DH013,DH013-07
PRODUCT-DH013,DH013-08
PRODUCT-DH013,DH013-09
PRODUCT-DH013,DH013-10
PRODUCT-PU013,PU013-01
PRODUCT-PU013,PU013-02
PRODUCT-PU013,PU013-03
PRODUCT-PU013,PU013-04
PRODUCT-PU013,PU013-05
PRODUCT-PU013,PU013-06
PRODUCT-PU013,PU013-07
PRODUCT-PU013,PU013-08
PRODUCT-PU013,PU013-09
PRODUCT-PU013,PU013-10
PRODUCT-AC014,AC014-01
PRODUCT-AC014,AC014-02
PRODUCT-AC014,AC014-03
PRODUCT-AC014,AC014-04
PRODUCT-AC014,AC014-05
PRODUCT-AC014,AC014-06
PRODUCT-AC014,AC014-07
PRODUCT-AC014,AC014-08
PRODUCT-AC014,AC014-09
PRODUCT-AC014,AC014-10
PRODUCT-BO014,BO014-01
PRODUCT-BO014,BO014-02
PRODUCT-BO014,BO014-03
PRODUCT-BO014,BO014-04
PRODUCT-BO014,BO014-05
PRODUCT-BO014,BO014-06
PRODUCT-BO014,BO014-07
PRODUCT-BO014,BO014-08
PRODUCT-BO014,BO014-09
PRODUCT-BO014,BO014-10
PRODUCT-WG014,WG014-01
PRODUCT-WG014,WG014-02
PRODUCT-WG014,WG014-03
PRODUCT-WG014,WG014-04
PRODUCT-WG014,WG014-05
PRODUCT-WG014,WG014-06
PRODUCT-WG014,WG014-07
PRODUCT-WG014,WG014-08
PRODUCT-WG014,WG014-09
PRODUCT-WG014,WG014-10
PRODUCT-DH014,DH014-01
PRODUCT-DH014,DH014-02
PRODUCT-DH014,DH014-03
PRODUCT-DH014,DH014-04
PRODUCT-DH014,DH014-05
PRODUCT-DH014,DH014-06
PRODUCT-DH014,DH014-07
PRODUCT-DH014,DH014-08
PRODUCT-DH014,DH014-09
PRODUCT-DH014,DH014-10
PRODUCT-PU014,PU014-01
PRODUCT-PU014,PU014-02
PRODUCT-PU014,PU014-03
PRODUCT-PU014,PU014-04
PRODUCT-PU014,PU014-05
PRODUCT-PU014,PU014-06
PRODUCT-PU014,PU014-07
PRODUCT-PU014,PU014-08
PRODUCT-PU014,PU014-09
PRODUCT-PU014,PU014-10
PRODUCT-AC015,AC015-01
PRODUCT-AC015,AC015-02
PRODUCT-AC015,AC015-03
PRODUCT-AC015,AC015-04
PRODUCT-AC015,AC015-05
PRODUCT-AC015,AC015-06
PRODUCT-AC015,AC015-07
PRODUCT-AC015,AC015-08
PRODUCT-AC015,AC015-09
PRODUCT-AC015,AC015-10
PRODUCT-BO015,BO015-01
PRODUCT-BO015,BO015-02
PRODUCT-BO015,BO015-03
PRODUCT-BO015,BO015-04
PRODUCT-BO015,BO015-05
PRODUCT-BO015,BO015-06
PRODUCT-BO015,BO015-07
PRODUCT-BO015,BO015-08
PRODUCT-BO015,BO015-09
PRODUCT-BO015,BO015-10
PRODUCT-WG015,WG015-01
PRODUCT-WG015,WG015-02
PRODUCT-WG015,WG015-03
PRODUCT-WG015,WG015-04
PRODUCT-WG015,WG015-05
PRODUCT-WG015,WG015-06
PRODUCT-WG015,WG015-07
PRODUCT-WG015,WG015-08
PRODUCT-WG015,WG015-09
PRODUCT-WG015,WG015-10
PRODUCT-DH015,DH015-01
PRODUCT-DH015,DH015-02
PRODUCT-DH015,DH015-03
PRODUCT-DH015,DH015-04
PRODUCT-DH015,DH015-05
PRODUCT-DH015,DH015-06
PRODUCT-DH015,DH015-07
PRODUCT-DH015,DH015-08
PRODUCT-DH015,DH015-09
PRODUCT-DH015,DH015-10
PRODUCT-PU015,PU015-01
PRODUCT-PU015,PU015-02
PRODUCT-PU015,PU015-03
PRODUCT-PU015,PU015-04
PRODUCT-PU015,PU015-05
PRODUCT-PU015,PU015-06
PRODUCT-PU015,PU015-07
PRODUCT-PU015,PU015-08
PRODUCT-PU015,PU015-09
PRODUCT-PU015,PU015-10
PRODUCT-AC016,AC016-01
PRODUCT-AC016,AC016-02
PRODUCT-AC016,AC016-03
PRODUCT-AC016,AC016-04
PRODUCT-AC016,AC016-05
PRODUCT-AC016,AC016-06
PRODUCT-AC016,AC016-07
PRODUCT-AC016,AC016-08
PRODUCT-AC016,AC016-09
PRODUCT-AC016,AC016-10
PRODUCT-BO016,BO016-01
PRODUCT-BO016,BO016-02
PRODUCT-BO016,BO016-03
PRODUCT-BO016,BO016-04
PRODUCT-BO016,BO016-05
PRODUCT-BO016,BO016-06
PRODUCT-BO016,BO016-07
PRODUCT-BO016,BO016-08
PRODUCT-BO016,BO016-09
PRODUCT-BO016,BO016-10
PRODUCT-WG016,WG016-01
PRODUCT-WG016,WG016-02
PRODUCT-WG016,WG016-03
PRODUCT-WG016,WG016-04
PRODUCT-WG016,WG016-05
PRODUCT-WG016,WG016-06
PRODUCT-WG016,WG016-07
PRODUCT-WG016,WG016-08
PRODUCT-WG016,WG016-09
PRODUCT-WG016,WG016-10
PRODUCT-DH016,DH016-01
PRODUCT-DH016,DH016-02
PRODUCT-DH016,DH016-03
PRODUCT-DH016,DH016-04
PRODUCT-DH016,DH016-05
PRODUCT-DH016,DH016-06
PRODUCT-DH016,DH016-07
PRODUCT-DH016,DH016-08
PRODUCT-DH016,DH016-09
PRODUCT-DH016,DH016-10
PRODUCT-PU016,PU016-01
PRODUCT-PU016,PU016-02
PRODUCT-PU016,PU016-03
PRODUCT-PU016,PU016-04
PRODUCT-PU016,PU016-05
PRODUCT-PU016,PU016-06
PRODUCT-PU016,PU016-07
PRODUCT-PU016,PU016-08
PRODUCT-PU016,PU016-09
PRODUCT-PU016,PU016-10
PRODUCT-AC017,AC017-01
PRODUCT-AC017,AC017-02
PRODUCT-AC017,AC017-03
PRODUCT-AC017,AC017-04
PRODUCT-AC017,AC017-05
PRODUCT-AC017,AC017-06
PRODUCT-AC017,AC017-07
PRODUCT-AC017,AC017-08
PRODUCT-AC017,AC017-09
PRODUCT-AC017,AC017-10
PRODUCT-BO017,BO017-01
PRODUCT-BO017,BO017-02
PRODUCT-BO017,BO017-03
PRODUCT-BO017,BO017-04
PRODUCT-BO017,BO017-05
PRODUCT-BO017,BO017-06
PRODUCT-BO017,BO017-07
PRODUCT-BO017,BO017-08
PRODUCT-BO017,BO017-09
PRODUCT-BO017,BO017-10
PRODUCT-WG017,WG017-01
PRODUCT-WG017,WG017-02
PRODUCT-WG017,WG017-03
PRODUCT-WG017,WG017-04
PRODUCT-WG017,WG017-05
PRODUCT-WG017,WG017-06
PRODUCT-WG017,WG017-07
PRODUCT-WG017,WG017-08
PRODUCT-WG017,WG017-09
PRODUCT-WG017,WG017-10
PRODUCT-DH017,DH017-01
PRODUCT-DH017,DH017-02
PRODUCT-DH017,DH017-03
PRODUCT-DH017,DH017-04
PRODUCT-DH017,DH017-05
PRODUCT-DH017,DH017-06
PRODUCT-DH017,DH017-07
PRODUCT-DH017,DH017-08
PRODUCT-DH017,DH017-09
PRODUCT-DH017,DH017-10
PRODUCT-PU017,PU017-01
PRODUCT-PU017,PU017-02
PRODUCT-PU017,PU017-03
PRODUCT-PU017,PU017-04
PRODUCT-PU017,PU017-05
PRODUCT-PU017,PU017-06
PRODUCT-PU017,PU017-07
PRODUCT-PU017,PU017-08
PRODUCT-PU017,PU017-09
PRODUCT-PU017,PU017-10
PRODUCT-AC018,AC018-01
PRODUCT-AC018,AC018-02
PRODUCT-AC018,AC018-03
PRODUCT-AC018,AC018-04
PRODUCT-AC018,AC018-05
PRODUCT-AC018,AC018-06
PRODUCT-AC018,AC018-07
PRODUCT-AC018,AC018-08
PRODUCT-AC018,AC018-09
PRODUCT-AC018,AC018-10
PRODUCT-BO018,BO018-01
PRODUCT-BO018,BO018-02
PRODUCT-BO018,BO018-03
PRODUCT-BO018,BO018-04
PRODUCT-BO018,BO018-05
PRODUCT-BO018,BO018-06
PRODUCT-BO018,BO018-07
PRODUCT-BO018,BO018-08
PRODUCT-BO018,BO018-09
PRODUCT-BO018,BO018-10
PRODUCT-WG018,WG018-01
PRODUCT-WG018,WG018-02
PRODUCT-WG018,WG018-03
PRODUCT-WG018,WG018-04
PRODUCT-WG018,WG018-05
PRODUCT-WG018,WG018-06
PRODUCT-WG018,WG018-07
PRODUCT-WG018,WG018-08
PRODUCT-WG018,WG018-09
PRODUCT-WG018,WG018-10
PRODUCT-DH018,DH018-01
PRODUCT-DH018,DH018-02
PRODUCT-DH018,DH018-03
PRODUCT-DH018,DH018-04
PRODUCT-DH018,DH018-05
PRODUCT-DH018,DH018-06
PRODUCT-DH018,DH018-07
PRODUCT-DH018,DH018-08
PRODUCT-DH018,DH018-09
PRODUCT-DH018,DH018-10
PRODUCT-PU018,PU018-01
PRODUCT-PU018,PU018-02
PRODUCT-PU018,PU018-03
PRODUCT-PU018,PU018-04
PRODUCT-PU018,PU018-05
PRODUCT-PU018,PU018-06
PRODUCT-PU018,PU018-07
PRODUCT-PU018,PU018-08
PRODUCT-PU018,PU018-09
PRODUCT-PU018,PU018-10
PRODUCT-AC019,AC019-01
PRODUCT-AC019,AC019-02
PRODUCT-AC019,AC019-03
PRODUCT-AC019,AC019-04
PRODUCT-AC019,AC019-05
PRODUCT-AC019,AC019-06
PRODUCT-AC019,AC019-07
PRODUCT-AC019,AC019-08
PRODUCT-AC019,AC019-09
PRODUCT-AC019,AC019-10
PRODUCT-BO019,BO019-01
PRODUCT-BO019,BO019-02
PRODUCT-BO019,BO019-03
PRODUCT-BO019,BO019-04
PRODUCT-BO019,BO019-05
PRODUCT-BO019,BO019-06
PRODUCT-BO019,BO019-07
PRODUCT-BO019,BO019-08
PRODUCT-BO019,BO019-09
PRODUCT-BO019,BO019-10
PRODUCT-WG019,WG019-01
PRODUCT-WG019,WG019-02
PRODUCT-WG019,WG019-03
PRODUCT-WG019,WG019-04
PRODUCT-WG019,WG019-05
PRODUCT-WG019,WG019-06
PRODUCT-WG019,WG019-07
PRODUCT-WG019,WG019-08
PRODUCT-WG019,WG019-09
PRODUCT-WG019,WG019-10
PRODUCT-DH019,DH019-01
PRODUCT-DH019,DH019-02
PRODUCT-DH019,DH019-03
PRODUCT-DH019,DH019-04
PRODUCT-DH019,DH019-05
PRODUCT-DH019,DH019-06
PRODUCT-DH019,DH019-07
PRODUCT-DH019,DH019-08
PRODUCT-DH019,DH019-09
PRODUCT-DH019,DH019-10
PRODUCT-PU019,PU019-01
PRODUCT-PU019,PU019-02
PRODUCT-PU019,PU019-03
PRODUCT-PU019,PU019-04
PRODUCT-PU019,PU019-05
PRODUCT-PU019,PU019-06
PRODUCT-PU019,PU019-07
PRODUCT-PU019,PU019-08
PRODUCT-PU019,PU019-09
PRODUCT-PU019,PU019-10
